Time,Tamb_top,Tamb_mid,Tamb_bot,Tamb_ave,Tout_charge,Tin_charge,Tbot_m,Tmid_m,Ttop_m,flowrate,mass_flowrate_charge,Ttop_s,Tmid_s,Tbot_s
19.01.2021 03:02:31.000 PM,20.31,16.98,14.18,17.16,28.92,29.39,29.54,29.5,29.58,-0.000933333,0,29.3,29.3,29.3
19.01.2021 03:03:31.000 PM,20.31,16.97,14.17,17.15,28.9,29.36,29.54,29.5,29.58,-0.007363788,0,29.3,29.3,29.3
19.01.2021 03:04:31.000 PM,20.33,17,14.16,17.16,28.88,29.35,29.55,29.48,29.58,0.038488983,0.01,29.3,29.3,29.3
19.01.2021 03:05:31.000 PM,20.35,17,14.18,17.18,28.84,27.88,29.55,29.46,29.56,0.763181587,0.21,29.3,29.3,29.3
19.01.2021 03:06:31.000 PM,20.35,16.99,14.17,17.17,29.14,27.98,29.55,29.5,29.55,0.586449754,0.16,29.3,29.3,29.3
19.01.2021 03:07:31.000 PM,20.34,17.01,14.15,17.17,29.25,28.58,29.51,29.5,29.56,0.824884216,0.23,29.3,29.3,29.3
19.01.2021 03:08:31.000 PM,20.34,16.99,14.15,17.16,29.24,28.69,29.48,29.5,29.57,0.911866667,0.26,29.3,29.3,29.3
19.01.2021 03:09:31.000 PM,20.37,17,14.13,17.16,29.23,28.32,29.46,29.51,29.58,0.96727,0.27,29.3,29.3,29.3
19.01.2021 03:10:31.000 PM,20.4,17,14.15,17.18,29.25,28.51,29.45,29.46,29.56,0.989916888,0.28,29.3,29.3,29.3
19.01.2021 03:11:31.000 PM,20.42,17.01,14.16,17.2,29.28,28.37,29.47,29.45,29.55,0.99637619,0.28,29.3,29.3,29.3
19.01.2021 03:12:31.000 PM,20.43,17.01,14.16,17.2,29.27,27.44,29.47,29.46,29.53,1.001317727,0.28,29.3,29.3,29.3
19.01.2021 03:13:31.000 PM,20.45,17,14.16,17.2,29.26,26.02,29.46,29.44,29.52,0.988433333,0.28,29.29,29.3,29.3
19.01.2021 03:14:31.000 PM,20.43,17.01,14.16,17.2,29.25,25.63,29.41,29.42,29.51,0.979918369,0.27,29.29,29.3,29.3
19.01.2021 03:15:31.000 PM,20.46,17.03,14.19,17.23,29.21,26.54,29.36,29.4,29.49,0.963233333,0.27,29.29,29.3,29.3
19.01.2021 03:16:31.000 PM,20.45,17.03,14.22,17.23,29.12,27.5,29.35,29.28,29.46,0.955333333,0.27,29.29,29.3,29.3
19.01.2021 03:17:31.000 PM,20.45,17.04,14.18,17.22,29.11,28.1,29.32,29.22,29.45,0.986966667,0.28,29.29,29.3,29.3
19.01.2021 03:18:31.000 PM,20.46,17.05,14.16,17.23,29.11,28.44,29.31,29.23,29.42,0.991413095,0.28,29.29,29.3,29.3
19.01.2021 03:19:31.000 PM,20.47,17.06,14.21,17.25,29.08,28.73,29.3,29.24,29.4,1.029831161,0.29,29.29,29.3,29.3
19.01.2021 03:20:31.000 PM,20.48,17.07,14.21,17.25,29.07,29.43,29.3,29.23,29.34,0.995597743,0.28,29.3,29.3,29.3
19.01.2021 03:21:31.000 PM,20.5,17.08,14.2,17.26,29.1,33.17,29.3,29.24,29.33,0.945906736,0.26,29.3,29.3,29.3
19.01.2021 03:22:31.000 PM,20.5,17.08,14.2,17.26,29.1,36.09,29.3,29.25,29.34,0.996648138,0.28,29.31,29.3,29.29
19.01.2021 03:23:31.000 PM,20.53,17.08,14.22,17.28,29.09,35.03,29.3,29.27,29.38,1.004234583,0.28,29.31,29.29,29.29
19.01.2021 03:24:31.000 PM,20.54,17.08,14.23,17.28,29.08,35.78,29.29,29.25,29.41,0.996459084,0.28,29.31,29.29,29.29
19.01.2021 03:25:31.000 PM,20.53,17.07,14.23,17.28,29.09,41.32,29.3,29.23,29.35,1.000653421,0.28,29.34,29.3,29.29
19.01.2021 03:26:31.000 PM,20.53,17.09,14.23,17.28,29.09,42.23,29.32,29.24,29.37,1.003472407,0.28,29.35,29.3,29.29
19.01.2021 03:27:31.000 PM,20.55,17.12,14.24,17.3,29.09,41.87,29.31,29.22,29.4,1.001479167,0.28,29.35,29.3,29.29
19.01.2021 03:28:31.000 PM,20.57,17.12,14.25,17.31,29.09,42,29.3,29.25,29.4,1.004233333,0.28,29.36,29.3,29.29
19.01.2021 03:29:31.000 PM,20.58,17.12,14.25,17.32,29.07,41.35,29.31,29.27,29.42,1.019766667,0.29,29.36,29.3,29.29
19.01.2021 03:30:31.000 PM,20.59,17.1,14.26,17.32,29.09,41.01,29.29,29.24,29.44,1.020680152,0.29,29.36,29.3,29.29
19.01.2021 03:31:31.000 PM,20.63,17.14,14.27,17.35,29.09,41.24,29.3,29.24,29.43,1.0064,0.28,29.37,29.3,29.29
19.01.2021 03:32:31.000 PM,20.64,17.16,14.27,17.36,29.09,41.02,29.3,29.25,29.45,0.997951212,0.28,29.37,29.29,29.29
19.01.2021 03:33:31.000 PM,20.64,17.17,14.26,17.35,29.08,39.42,29.31,29.28,29.46,0.996234608,0.28,29.36,29.29,29.29
19.01.2021 03:34:31.000 PM,20.67,17.17,14.28,17.37,29.08,38.63,29.33,29.28,29.48,0.9982,0.28,29.35,29.29,29.29
19.01.2021 03:35:31.000 PM,20.69,17.19,14.25,17.38,29.1,38.96,29.32,29.27,29.49,1.005576754,0.28,29.35,29.29,29.29
19.01.2021 03:36:31.000 PM,20.69,17.21,14.25,17.38,29.09,39.31,29.32,29.24,29.5,0.998723611,0.28,29.36,29.29,29.29
19.01.2021 03:37:31.000 PM,20.7,17.24,14.26,17.4,29.08,39.39,29.31,29.24,29.57,1.006533333,0.28,29.37,29.29,29.29
19.01.2021 03:38:31.000 PM,20.72,17.24,14.28,17.41,29.06,39.66,29.32,29.26,29.74,0.999599671,0.28,29.38,29.29,29.29
19.01.2021 03:39:31.000 PM,20.72,17.26,14.31,17.43,29.08,39.93,29.31,29.26,29.86,1.003239036,0.28,29.41,29.3,29.29
19.01.2021 03:40:31.000 PM,20.74,17.28,14.32,17.45,29.07,39.96,29.29,29.25,29.99,1.003785811,0.28,29.64,29.31,29.29
19.01.2021 03:41:31.000 PM,20.78,17.28,14.29,17.45,29.09,40,29.3,29.25,30.3,0.9995,0.28,30.06,29.31,29.29
19.01.2021 03:42:31.000 PM,20.78,17.28,14.3,17.46,29.09,40.18,29.3,29.26,30.74,1.004419935,0.28,30.56,29.32,29.29
19.01.2021 03:43:31.000 PM,20.78,17.28,14.33,17.46,29.08,40.25,29.33,29.27,31.11,1.003183619,0.28,31.05,29.33,29.29
19.01.2021 03:44:31.000 PM,20.81,17.3,14.32,17.47,29.07,40.21,29.3,29.28,31.66,0.985212204,0.28,31.54,29.34,29.29
19.01.2021 03:45:31.000 PM,20.83,17.31,14.32,17.48,29.08,40.13,29.31,29.26,32.47,1.005105556,0.28,32,29.35,29.29
19.01.2021 03:46:31.000 PM,20.84,17.32,14.34,17.5,29.08,40.11,29.32,29.28,33.17,1.009941444,0.28,32.44,29.36,29.29
19.01.2021 03:47:31.000 PM,20.88,17.32,14.34,17.51,29.07,40.15,29.32,29.28,33.71,0.999797222,0.28,32.85,29.37,29.3
19.01.2021 03:48:31.000 PM,20.9,17.33,14.36,17.53,29.07,40.15,29.31,29.3,34.29,0.986933333,0.28,33.24,29.38,29.3
19.01.2021 03:49:31.000 PM,20.9,17.35,14.36,17.53,29.09,40.16,29.31,29.29,34.78,1.008633333,0.28,33.61,29.39,29.3
19.01.2021 03:50:31.000 PM,20.91,17.34,14.35,17.53,29.08,40.17,29.29,29.27,35.16,1.007533333,0.28,33.97,29.4,29.3
19.01.2021 03:51:31.000 PM,20.92,17.37,14.36,17.55,29.08,40.19,29.3,29.26,35.38,0.989675317,0.28,34.3,29.4,29.3
19.01.2021 03:52:31.000 PM,20.95,17.4,14.38,17.58,29.08,40.18,29.32,29.28,35.6,1.003910307,0.28,34.62,29.41,29.3
19.01.2021 03:53:31.000 PM,20.98,17.39,14.4,17.59,29.07,40.25,29.34,29.29,35.83,0.996078355,0.28,34.92,29.42,29.31
19.01.2021 03:54:31.000 PM,21,17.42,14.39,17.6,29.06,40.26,29.33,29.3,36.08,0.998747744,0.28,35.2,29.43,29.31
19.01.2021 03:55:31.000 PM,20.98,17.43,14.41,17.61,29.07,40.16,29.3,29.3,36.3,1.011693056,0.28,35.47,29.45,29.31
19.01.2021 03:56:31.000 PM,20.98,17.44,14.41,17.61,29.09,40.18,29.3,29.29,36.55,1.005284796,0.28,35.73,29.46,29.31
19.01.2021 03:57:31.000 PM,21.01,17.44,14.43,17.63,29.09,40.21,29.3,29.29,36.8,0.995833333,0.28,35.97,29.47,29.32
19.01.2021 03:58:31.000 PM,21.05,17.44,14.45,17.65,29.1,40.28,29.33,29.32,37.03,0.992625877,0.28,36.2,29.5,29.32
19.01.2021 03:59:31.000 PM,21.07,17.45,14.45,17.66,29.09,40.38,29.31,29.32,37.32,0.996591786,0.28,36.42,29.53,29.32
19.01.2021 04:00:31.000 PM,21.11,17.47,14.42,17.67,29.08,40.39,29.3,29.36,37.54,0.998466667,0.28,36.63,29.57,29.33
19.01.2021 04:01:31.000 PM,21.13,17.46,14.44,17.68,29.09,40.36,29.32,29.37,37.75,0.990833333,0.28,36.83,29.63,29.33
19.01.2021 04:02:31.000 PM,21.13,17.46,14.47,17.69,29.11,40.33,29.32,29.39,38,1.009778509,0.28,37.02,29.71,29.34
19.01.2021 04:03:31.000 PM,21.13,17.47,14.48,17.7,29.08,40.35,29.34,29.41,38.17,1.006579375,0.28,37.17,29.81,29.34
19.01.2021 04:04:31.000 PM,21.16,17.48,14.46,17.7,29.06,40.34,29.32,29.4,38.34,0.99695,0.28,37.3,29.94,29.35
19.01.2021 04:05:31.000 PM,21.18,17.52,14.48,17.73,29.07,40.36,29.32,29.43,38.47,0.995333333,0.28,37.45,30.09,29.35
19.01.2021 04:06:31.000 PM,21.19,17.54,14.49,17.74,29.1,40.5,29.32,29.48,38.56,1.005066667,0.28,37.59,30.27,29.35
19.01.2021 04:07:31.000 PM,21.2,17.55,14.49,17.75,29.1,40.56,29.3,29.55,38.68,0.997465668,0.28,37.73,30.49,29.35
19.01.2021 04:08:31.000 PM,21.21,17.56,14.5,17.76,29.08,40.5,29.31,29.7,38.82,0.993860417,0.28,37.86,30.74,29.35
19.01.2021 04:09:31.000 PM,21.21,17.57,14.52,17.77,29.08,40.55,29.32,29.83,38.94,1.004281667,0.28,37.99,31.03,29.35
19.01.2021 04:10:31.000 PM,21.25,17.57,14.51,17.77,29.08,40.58,29.31,30.01,39.03,1.008368182,0.28,38.11,31.34,29.36
19.01.2021 04:11:31.000 PM,21.28,17.58,14.52,17.79,29.09,40.48,29.34,30.26,39.1,1.010214562,0.28,38.22,31.67,29.36
19.01.2021 04:12:31.000 PM,21.27,17.6,14.55,17.81,29.09,40.51,29.31,30.57,39.19,1.008148963,0.28,38.33,32.02,29.36
19.01.2021 04:13:31.000 PM,21.3,17.58,14.54,17.81,29.09,40.37,29.31,31.01,39.24,1.010415991,0.28,38.42,32.38,29.36
19.01.2021 04:14:31.000 PM,21.33,17.6,14.55,17.83,29.07,39.87,29.33,31.42,39.29,0.988803608,0.28,38.49,32.74,29.36
19.01.2021 04:15:31.000 PM,21.32,17.62,14.56,17.83,29.07,39.69,29.33,32.06,39.38,1.003457899,0.28,38.54,33.11,29.36
19.01.2021 04:16:31.000 PM,21.35,17.64,14.57,17.85,29.09,39.7,29.33,32.69,39.4,1.0104,0.28,38.58,33.47,29.36
19.01.2021 04:17:31.000 PM,21.36,17.65,14.59,17.87,29.09,39.67,29.33,33.29,39.43,0.990737726,0.28,38.61,33.82,29.36
19.01.2021 04:18:31.000 PM,21.38,17.65,14.59,17.87,29.09,39.56,29.31,33.86,39.45,0.996693902,0.28,38.64,34.16,29.37
19.01.2021 04:19:31.000 PM,21.38,17.67,14.61,17.89,29.08,39.69,29.32,34.26,39.44,0.998975347,0.28,38.67,34.48,29.37
19.01.2021 04:20:31.000 PM,21.42,17.7,14.62,17.91,29.08,39.82,29.33,34.72,39.46,0.993221567,0.28,38.71,34.79,29.37
19.01.2021 04:21:31.000 PM,21.45,17.7,14.65,17.93,29.09,39.74,29.32,35.1,39.46,1.010143659,0.28,38.74,35.09,29.37
19.01.2021 04:22:31.000 PM,21.45,17.71,14.64,17.93,29.06,39.83,29.32,35.41,39.51,0.996703408,0.28,38.77,35.37,29.37
19.01.2021 04:23:31.000 PM,21.5,17.72,14.67,17.97,29.09,39.93,29.34,35.6,39.51,0.994124306,0.28,38.8,35.64,29.37
19.01.2021 04:24:31.000 PM,21.5,17.72,14.66,17.96,29.09,39.93,29.34,35.84,39.51,1.005059375,0.28,38.83,35.89,29.39
19.01.2021 04:25:31.000 PM,21.49,17.7,14.64,17.94,29.08,40.05,29.34,36.12,39.51,1.006413828,0.28,38.86,36.14,29.42
19.01.2021 04:26:31.000 PM,21.5,17.73,14.65,17.96,29.07,40,29.36,36.4,39.51,0.992194608,0.28,38.89,36.38,29.44
19.01.2021 04:27:31.000 PM,21.51,17.75,14.68,17.98,29.11,39.88,29.37,36.64,39.54,1.0094,0.28,38.91,36.63,29.47
19.01.2021 04:28:31.000 PM,21.52,17.74,14.69,17.98,29.09,39.94,29.35,36.79,39.56,1.000020039,0.28,38.93,36.9,29.5
19.01.2021 04:29:31.000 PM,21.53,17.75,14.68,17.99,29.09,40.03,29.35,37.05,39.56,0.993873611,0.28,38.96,37.23,29.53
19.01.2021 04:30:31.000 PM,21.56,17.78,14.69,18.01,29.09,40,29.35,37.37,39.58,0.995949242,0.28,38.98,37.62,29.57
19.01.2021 04:31:31.000 PM,21.57,17.8,14.73,18.03,29.1,40.16,29.38,37.52,39.6,1.014322917,0.28,39.01,38.08,29.61
19.01.2021 04:32:31.000 PM,21.58,17.79,14.74,18.03,29.11,40.17,29.37,37.71,39.63,0.9941,0.28,39.03,38.48,29.66
19.01.2021 04:33:31.000 PM,21.59,17.82,14.72,18.04,29.1,40.04,29.4,37.93,39.63,1.000208636,0.28,39.06,38.52,29.71
19.01.2021 04:34:31.000 PM,21.62,17.81,14.75,18.06,29.1,40.09,29.43,38.11,39.64,0.999284524,0.28,39.08,38.57,29.76
19.01.2021 04:35:31.000 PM,21.62,17.81,14.77,18.07,29.09,40.22,29.46,38.31,39.64,0.997933333,0.28,39.1,38.61,29.83
19.01.2021 04:36:31.000 PM,21.63,17.81,14.76,18.07,29.09,40.2,29.48,38.52,39.66,0.999186866,0.28,39.12,38.66,29.91
19.01.2021 04:37:31.000 PM,21.66,17.81,14.76,18.07,29.1,40.24,29.52,38.67,39.67,0.996509224,0.28,39.14,38.7,30.16
19.01.2021 04:38:31.000 PM,21.67,17.85,14.77,18.1,29.12,40.23,29.58,38.79,39.67,0.9956,0.28,39.16,38.74,30.44
19.01.2021 04:39:31.000 PM,21.7,17.84,14.78,18.11,29.13,40.19,29.66,38.92,39.7,1.016302547,0.28,39.18,38.78,30.7
19.01.2021 04:40:31.000 PM,21.69,17.85,14.79,18.11,29.14,40.2,29.81,39.05,39.72,1.00195,0.28,39.2,38.82,30.96
19.01.2021 04:41:31.000 PM,21.72,17.85,14.77,18.11,29.16,40.27,29.92,39.16,39.74,1.005463043,0.28,39.22,38.85,31.26
19.01.2021 04:42:31.000 PM,21.74,17.87,14.78,18.13,29.13,40.29,30.14,39.23,39.74,0.996846045,0.28,39.24,38.89,31.57
19.01.2021 04:43:31.000 PM,21.75,17.89,14.79,18.14,29.13,40.44,30.4,39.28,39.78,1.005566667,0.28,39.26,38.93,31.9
19.01.2021 04:44:31.000 PM,21.73,17.9,14.8,18.14,29.15,40.43,30.74,39.32,39.78,1.002688095,0.28,39.28,38.96,32.24
19.01.2021 04:45:31.000 PM,21.75,17.92,14.81,18.16,29.17,40.4,31.19,39.36,39.78,0.998520238,0.28,39.3,39,32.6
19.01.2021 04:46:31.000 PM,21.77,17.9,14.82,18.16,29.19,40.42,31.68,39.45,39.81,1.006726667,0.28,39.32,39.04,32.95
19.01.2021 04:47:31.000 PM,21.77,17.92,14.82,18.17,29.21,40.38,32.14,39.43,39.82,1.002566667,0.28,39.34,39.07,33.31
19.01.2021 04:48:31.000 PM,21.77,17.94,14.81,18.17,29.28,40.35,32.63,39.46,39.84,1.001933333,0.28,39.35,39.18,33.65
19.01.2021 04:49:31.000 PM,21.78,17.96,14.82,18.19,29.32,40.39,33.11,39.47,39.87,1.006609552,0.28,39.37,39.3,33.98
19.01.2021 04:50:31.000 PM,21.8,17.98,14.83,18.2,29.36,40.4,33.64,39.5,39.89,0.996437564,0.28,39.39,39.35,34.31
19.01.2021 04:51:31.000 PM,21.82,17.98,14.85,18.22,29.44,40.41,34.12,39.51,39.89,1.006833333,0.28,39.4,39.38,34.61
19.01.2021 04:52:31.000 PM,21.81,17.97,14.84,18.2,29.51,40.44,34.57,39.52,39.92,0.98734496,0.28,39.42,39.41,34.91
19.01.2021 04:53:31.000 PM,21.82,17.96,14.85,18.21,29.58,40.46,34.99,39.53,39.94,0.995082018,0.28,39.44,39.43,35.2
19.01.2021 04:54:31.000 PM,21.82,17.98,14.85,18.22,29.78,40.47,35.23,39.55,39.94,1.006639286,0.28,39.45,39.44,35.48
19.01.2021 04:55:31.000 PM,21.83,18,14.84,18.22,29.96,40.5,35.53,39.56,39.95,1.006567356,0.28,39.47,39.46,35.76
19.01.2021 04:56:31.000 PM,21.82,18,14.86,18.23,30.12,40.48,35.82,39.56,39.95,0.98847128,0.28,39.49,39.48,36.05
19.01.2021 04:57:31.000 PM,21.84,18.01,14.88,18.25,30.38,40.47,36.06,39.57,39.98,1.015621296,0.28,39.5,39.49,36.34
19.01.2021 04:58:31.000 PM,21.85,18.03,14.9,18.26,30.66,40.55,36.35,39.56,40,1.014915,0.28,39.52,39.51,36.65
19.01.2021 04:59:31.000 PM,21.84,18.04,14.89,18.26,30.99,40.7,36.63,39.57,40.01,1.000777864,0.28,39.54,39.53,36.96
19.01.2021 05:00:31.000 PM,21.87,18.03,14.88,18.26,31.33,41.04,36.79,39.61,40.03,0.98725744,0.28,39.56,39.55,37.28
19.01.2021 05:01:31.000 PM,21.88,18.06,14.88,18.27,31.66,40.27,37,39.68,40,0.996935185,0.28,39.58,39.57,37.59
19.01.2021 05:02:31.000 PM,21.91,18.05,14.88,18.28,32.01,39.77,37.32,39.67,40.03,1.005950876,0.28,39.58,39.58,37.89
19.01.2021 05:03:31.000 PM,21.89,18.06,14.88,18.28,32.38,39.57,37.52,39.67,40.11,1.006552877,0.28,39.58,39.58,38.17
19.01.2021 05:04:31.000 PM,21.91,18.07,14.89,18.29,32.76,39.44,37.72,39.7,40.11,1.008592857,0.28,39.58,39.58,38.42
19.01.2021 05:05:31.000 PM,21.92,18.08,14.9,18.3,33.11,39.81,37.92,39.75,40.08,0.990824721,0.28,39.58,39.58,38.64
19.01.2021 05:06:31.000 PM,21.93,18.08,14.9,18.3,33.39,40.41,38.07,39.76,40.08,0.992428436,0.28,39.59,39.59,38.82
19.01.2021 05:07:31.000 PM,21.94,18.09,14.88,18.3,33.75,39.17,38.22,39.8,40.06,1.005858207,0.28,39.6,39.6,38.97
19.01.2021 05:08:31.000 PM,21.95,18.1,14.86,18.3,34.05,40.02,38.33,39.77,40.05,0.990333333,0.28,39.61,39.61,39.1
19.01.2021 05:09:31.000 PM,21.94,18.09,14.87,18.3,34.33,41.03,38.58,39.71,40.02,1.004225714,0.28,39.62,39.62,39.2
19.01.2021 05:10:31.000 PM,21.94,18.11,14.87,18.31,34.64,40.44,38.71,39.77,40.02,1.007026476,0.28,39.63,39.63,39.28
19.01.2021 05:11:31.000 PM,21.96,18.09,14.89,18.31,34.89,39.08,38.81,39.77,40.03,1.004672024,0.28,39.63,39.63,39.34
19.01.2021 05:12:31.000 PM,21.97,18.1,14.9,18.32,35.26,38.4,39,39.79,40.04,0.991333333,0.28,39.64,39.64,39.39
19.01.2021 05:13:31.000 PM,22,18.08,14.9,18.33,35.39,39.06,39.15,39.78,40.03,0.987645773,0.28,39.64,39.64,39.43
19.01.2021 05:14:31.000 PM,21.98,18.11,14.89,18.33,35.65,39.55,39.25,39.77,40,0.993679179,0.28,39.64,39.64,39.46
19.01.2021 05:15:31.000 PM,21.98,18.13,14.9,18.34,35.87,39.71,39.3,39.78,39.98,1.0055,0.28,39.65,39.65,39.48
19.01.2021 05:16:31.000 PM,21.97,18.08,14.9,18.32,36.13,39.99,39.25,39.79,39.98,0.999759503,0.28,39.66,39.66,39.51
19.01.2021 05:17:31.000 PM,21.99,18.11,14.93,18.35,36.27,40.42,39.29,39.8,39.98,1.006278762,0.28,39.66,39.66,39.53
19.01.2021 05:18:31.000 PM,22.01,18.13,14.93,18.36,36.56,40.93,39.41,39.8,40,1.002666292,0.28,39.65,39.65,39.54
19.01.2021 05:19:31.000 PM,22,18.13,14.92,18.35,36.76,41.32,39.45,39.81,40.01,1.007947641,0.28,39.66,39.65,39.56
19.01.2021 05:20:31.000 PM,22.01,18.13,14.92,18.35,36.97,41.54,39.49,39.82,40.03,0.998133333,0.28,39.65,39.65,39.57
19.01.2021 05:21:31.000 PM,22.01,18.13,14.92,18.36,37.21,41.75,39.51,39.83,40.07,1.001339316,0.28,39.65,39.65,39.59
19.01.2021 05:22:31.000 PM,22.01,18.15,14.92,18.36,37.37,41.96,39.54,39.83,40.14,0.992506016,0.28,39.66,39.66,39.6
19.01.2021 05:23:31.000 PM,22.01,18.17,14.93,18.37,37.51,41.97,39.54,39.85,40.2,0.998021667,0.28,39.66,39.66,39.61
19.01.2021 05:24:31.000 PM,22,18.18,14.94,18.37,37.67,41.62,39.53,39.84,40.17,0.9994,0.28,39.66,39.66,39.62
19.01.2021 05:25:31.000 PM,22.01,18.19,14.95,18.38,37.81,40.64,39.56,39.84,40.11,1.0078,0.28,39.65,39.65,39.63
19.01.2021 05:26:31.000 PM,22.02,18.19,14.94,18.39,37.96,40.11,39.59,39.85,40.14,1.004888095,0.28,39.65,39.65,39.64
19.01.2021 05:27:31.000 PM,22.03,18.17,14.94,18.38,38.02,40.06,39.6,39.85,40.17,1.00406087,0.28,39.64,39.64,39.64
19.01.2021 05:28:31.000 PM,22.02,18.2,14.94,18.39,38.14,39.65,39.62,39.85,40.21,1.005654444,0.28,39.65,39.65,39.64
19.01.2021 05:29:31.000 PM,22.03,18.2,14.95,18.39,38.29,39.12,39.64,39.84,40.23,1.003424136,0.28,39.64,39.64,39.65
19.01.2021 05:30:31.000 PM,22.02,18.18,14.95,18.38,38.36,39.15,39.66,39.84,40.22,0.997334259,0.28,39.65,39.65,39.66
19.01.2021 05:31:31.000 PM,22.03,18.19,14.95,18.39,38.42,39.64,39.67,39.84,40.23,0.998014706,0.28,39.64,39.64,39.64
19.01.2021 05:32:31.000 PM,22.06,18.22,14.94,18.41,38.43,39.92,39.7,39.89,40.2,1.000764502,0.28,39.64,39.64,39.64
19.01.2021 05:33:31.000 PM,22.08,18.22,14.96,18.42,38.56,40.08,39.73,39.92,40.17,1.006572078,0.28,39.64,39.64,39.63
19.01.2021 05:34:31.000 PM,22.08,18.21,14.96,18.42,38.65,40.18,39.75,39.9,40.18,1.000394997,0.28,39.63,39.63,39.62
19.01.2021 05:35:31.000 PM,22.07,18.22,14.95,18.42,38.61,40.3,39.77,39.92,40.18,1.003130476,0.28,39.62,39.62,39.62
19.01.2021 05:36:31.000 PM,22.09,18.27,14.95,18.44,38.71,40.45,39.76,39.96,40.21,0.992908571,0.28,39.62,39.62,39.61
19.01.2021 05:37:31.000 PM,22.1,18.25,14.95,18.44,38.76,40.58,39.76,39.98,40.23,1.004233333,0.28,39.62,39.62,39.61
19.01.2021 05:38:31.000 PM,22.12,18.26,14.98,18.45,38.76,40.7,39.77,39.99,40.24,1.001733333,0.28,39.62,39.62,39.61
19.01.2021 05:39:31.000 PM,22.12,18.27,14.96,18.45,38.86,40.67,39.79,39.94,40.23,1.00283375,0.28,39.62,39.62,39.61
19.01.2021 05:40:31.000 PM,22.14,18.28,14.97,18.46,38.87,40.54,39.81,39.94,40.23,1.0058,0.28,39.62,39.62,39.61
19.01.2021 05:41:31.000 PM,22.13,18.29,14.99,18.47,38.88,40.55,39.79,39.96,40.26,1.000541578,0.28,39.62,39.62,39.61
19.01.2021 05:42:31.000 PM,22.15,18.28,14.98,18.47,38.92,40.59,39.81,39.97,40.29,0.985814411,0.28,39.62,39.62,39.61
19.01.2021 05:43:31.000 PM,22.15,18.28,14.96,18.47,38.93,40.5,39.82,39.97,40.32,1.0054625,0.28,39.62,39.62,39.61
19.01.2021 05:44:31.000 PM,22.18,18.28,14.96,18.47,39,40.07,39.83,39.97,40.31,0.999133333,0.28,39.62,39.62,39.61
19.01.2021 05:45:31.000 PM,22.19,18.28,14.96,18.47,39.02,39.84,39.82,39.98,40.32,0.998141667,0.28,39.62,39.61,39.61
19.01.2021 05:46:31.000 PM,22.19,18.27,14.98,18.48,39.02,39.73,39.82,40,40.37,0.998843246,0.28,39.61,39.61,39.61
19.01.2021 05:47:31.000 PM,22.2,18.29,14.99,18.49,39.06,39.81,39.83,40.02,40.36,0.999389042,0.28,39.61,39.61,39.61
19.01.2021 05:48:31.000 PM,22.18,18.29,14.97,18.48,39.06,39.89,39.82,40.05,40.31,1.007296863,0.28,39.61,39.61,39.61
19.01.2021 05:49:31.000 PM,22.21,18.27,14.96,18.48,39.12,39.9,39.82,40.07,40.28,0.999868064,0.28,39.61,39.61,39.61
19.01.2021 05:50:31.000 PM,22.2,18.27,14.98,18.48,39.13,39.91,39.84,40.11,40.28,0.992239448,0.28,39.61,39.61,39.61
19.01.2021 05:51:31.000 PM,22.2,18.26,14.98,18.48,39.11,39.89,39.85,40.1,40.28,1.015172214,0.28,39.61,39.61,39.61
19.01.2021 05:52:31.000 PM,22.21,18.26,14.99,18.49,39.16,39.43,39.86,40.12,40.28,0.99,0.28,39.61,39.61,39.61
19.01.2021 05:53:31.000 PM,22.24,18.26,14.98,18.49,39.17,38.99,39.87,40.13,40.25,1.00334547,0.28,39.6,39.6,39.6
19.01.2021 05:54:31.000 PM,22.24,18.27,14.98,18.5,39.18,38.77,39.86,40.11,40.26,1.007434744,0.28,39.59,39.59,39.6
19.01.2021 05:55:31.000 PM,22.28,18.29,14.96,18.51,39.23,38.75,39.85,40.1,40.25,0.997279111,0.28,39.59,39.59,39.6
19.01.2021 05:56:31.000 PM,22.28,18.29,14.95,18.51,39.22,38.76,39.87,40.06,40.25,0.9903,0.28,39.59,39.59,39.6
19.01.2021 05:57:31.000 PM,22.25,18.29,14.95,18.5,39.23,38.89,39.87,40.03,40.21,0.998347619,0.28,39.59,39.59,39.6
19.01.2021 05:58:31.000 PM,22.26,18.28,14.95,18.5,39.2,39.05,39.9,40.02,40.18,0.9946,0.28,39.59,39.59,39.6
19.01.2021 05:59:31.000 PM,22.27,18.28,14.95,18.5,39.29,39.09,39.95,39.99,40.16,0.996780926,0.28,39.59,39.59,39.6
19.01.2021 06:00:31.000 PM,22.25,18.29,14.95,18.5,39.34,39.74,39.96,39.98,40.13,0.999783745,0.28,39.59,39.59,39.6
19.01.2021 06:01:31.000 PM,22.28,18.29,14.96,18.51,39.29,40.38,39.94,39.98,40.12,1.008081364,0.28,39.6,39.6,39.6
19.01.2021 06:02:31.000 PM,22.28,18.31,14.97,18.52,39.31,40.58,39.98,39.99,40.12,0.993451834,0.28,39.61,39.61,39.6
19.01.2021 06:03:31.000 PM,22.29,18.32,14.96,18.52,39.32,40.56,39.99,39.99,40.14,0.998744638,0.28,39.61,39.61,39.6
19.01.2021 06:04:31.000 PM,22.29,18.31,14.98,18.53,39.35,40.38,40,39.98,40.15,1.003168056,0.28,39.61,39.61,39.6
19.01.2021 06:05:31.000 PM,22.29,18.29,14.98,18.52,39.38,40.31,40.02,39.98,40.14,1.000325189,0.28,39.61,39.61,39.6
19.01.2021 06:06:31.000 PM,22.29,18.31,14.96,18.52,39.38,40.32,40.02,39.99,40.15,1.003013095,0.28,39.61,39.61,39.6
19.01.2021 06:07:31.000 PM,22.3,18.32,14.94,18.52,39.39,40.33,40,40,40.17,0.996347229,0.28,39.61,39.61,39.6
19.01.2021 06:08:31.000 PM,22.3,18.31,14.95,18.52,39.4,40.37,40,39.99,40.2,0.996034524,0.28,39.61,39.61,39.6
19.01.2021 06:09:31.000 PM,22.16,18.27,14.96,18.46,39.4,40.39,40.01,40,40.25,0.995719658,0.28,39.61,39.61,39.6
19.01.2021 06:10:31.000 PM,21.98,18.25,14.96,18.39,39.38,40.41,40,40,40.26,0.999005392,0.28,39.61,39.61,39.6
19.01.2021 06:11:31.000 PM,21.81,18.23,14.95,18.33,39.4,40.42,40.01,39.98,40.26,1.001627937,0.28,39.61,39.61,39.6
19.01.2021 06:12:31.000 PM,21.73,18.22,14.95,18.3,39.42,40.45,40,40,40.25,1.007699028,0.28,39.61,39.61,39.6
19.01.2021 06:13:31.000 PM,21.76,18.22,14.95,18.31,39.41,40.5,39.99,39.97,40.22,1.002347173,0.28,39.61,39.61,39.6
19.01.2021 06:14:31.000 PM,21.84,18.22,14.94,18.33,39.42,40.53,40,39.97,40.23,1.009694002,0.28,39.61,39.61,39.61
19.01.2021 06:15:31.000 PM,21.88,18.24,14.92,18.35,39.42,40.28,40.03,39.98,40.26,1.004857143,0.28,39.61,39.61,39.6
19.01.2021 06:16:31.000 PM,21.96,18.22,14.92,18.37,39.44,39.92,40.04,39.99,40.25,0.993858117,0.28,39.61,39.61,39.6
19.01.2021 06:17:31.000 PM,22.01,18.24,14.92,18.39,39.44,39.83,40.03,40.02,40.29,0.997319286,0.28,39.61,39.61,39.6
19.01.2021 06:18:31.000 PM,22.02,18.25,14.93,18.4,39.45,39.82,40.01,40.02,40.27,1.000568648,0.28,39.6,39.6,39.6
19.01.2021 06:19:31.000 PM,22.06,18.27,14.92,18.42,39.47,39.8,40.02,40,40.28,1.004466667,0.28,39.6,39.6,39.6
19.01.2021 06:20:31.000 PM,22.07,18.27,14.91,18.41,39.48,39.71,40.03,40.03,40.28,0.995320238,0.28,39.6,39.6,39.6
19.01.2021 06:21:31.000 PM,22.08,18.23,14.89,18.4,39.45,39.72,40.02,40.09,40.27,0.998666667,0.28,39.6,39.6,39.6
19.01.2021 06:22:31.000 PM,22.11,18.22,14.88,18.4,39.45,39.8,40.04,40.09,40.25,1.00776,0.28,39.6,39.6,39.6
19.01.2021 06:23:31.000 PM,22.12,18.19,14.85,18.39,39.46,39.85,40.03,40.08,40.25,0.998979911,0.28,39.6,39.6,39.6
19.01.2021 06:24:31.000 PM,22.11,18.12,14.82,18.35,39.5,39.81,40.02,40.1,40.23,1.002508609,0.28,39.6,39.6,39.6
19.01.2021 06:25:31.000 PM,22.12,18.09,14.82,18.35,39.49,39.79,40.02,40.13,40.22,0.990233333,0.28,39.6,39.6,39.6
19.01.2021 06:26:31.000 PM,22.14,18.1,14.82,18.35,39.48,39.87,40.02,40.12,40.19,0.991526329,0.28,39.6,39.6,39.6
19.01.2021 06:27:31.000 PM,22.16,18.14,14.82,18.38,39.46,39.88,40.02,40.11,40.22,1.009550294,0.28,39.6,39.6,39.6
19.01.2021 06:28:31.000 PM,22.17,18.16,14.85,18.39,39.49,39.88,40.03,40.09,40.22,1.000509028,0.28,39.6,39.6,39.6
19.01.2021 06:29:31.000 PM,22.19,18.16,14.85,18.4,39.51,39.79,40.04,40.13,40.2,0.997924811,0.28,39.6,39.6,39.6
19.01.2021 06:30:31.000 PM,22.22,18.19,14.84,18.41,39.51,39.74,40.02,40.14,40.2,1.007602564,0.28,39.6,39.6,39.6
19.01.2021 06:31:31.000 PM,22.22,18.2,14.87,18.43,39.51,39.85,40.04,40.11,40.22,1.00374181,0.28,39.6,39.6,39.6
19.01.2021 06:32:31.000 PM,22.23,18.19,14.88,18.43,39.51,39.89,40.04,40.12,40.2,0.987559848,0.28,39.6,39.6,39.6
19.01.2021 06:33:31.000 PM,22.23,18.21,14.84,18.43,39.51,39.86,40.02,40.1,40.21,0.999291498,0.28,39.6,39.6,39.6
